1324003493745725444_1.jpg	fe
1375028978935824387_1.jpg	
1300508661283000324_1.jpg	sono una testa di cazzo
1328735960243298304_1.jpg	questa scena è una porcheria
1346854995128422403_1.jpg	
1303407759132635141_3.jpg	
1304766718498074624_1.jpg	so che mi vogliono fare fuori giustamente
1347840419367952385_2.jpg	e ti aizzo contro dei cani sì
1316411933688504322_1.jpg	lo sono il re della merda e voi siete delle merde
1305536793903857665_1.jpg	spirito di machiavelli niccolò posso chiamarti nick
1304812014431281152_1.jpg	urlando liberi tutti tutti a casa ci vediamo lunedì
1328368265178062853_1.jpg	n tu pensi che io sia matto no
1347207905330794499_1.jpg	e stato collocato male nel palinsesto
1297100804642545664_3.jpg	
1316101641234534401_1.jpg	suo padre lo picchiava poi spari e l ha ritrovato a cuba dopo 20 anni x
1352637874471055361_1.jpg	mi sveglio alle 4 30 tutti i giorni ll per venire qua 1
1327925379361804288_2.jpg	
1354822237551947778_1.jpg	ma che cazzo dici è ridicolo
1300361329530863616_1.jpg	rene oggi è lunedì caro boris
1311334992258109440_1.jpg	
1306883648784867329_1.jpg	litigo sempre coni sindacati con mia moglie con mio figlio
1351490924036186112_1.jpg	oggi rischiamo tutto
1298187495230840833_2.jpg	poi diventano irrimediabilmente delle cagate
1334857567093354497_1.jpg	carri 3 si vedi come puoi migliorare e fallo entro le 18 00
1302320596957777920_1.jpg	tutti sanno che sei un ubriacona e una ladra
1345147687541366784_1.jpg	pazzayo vis ilfafi senza pubblico sivince più fuori
1377282034574393345_2.jpg	è va no è il metodo dei cazzi miei
1369228971129270283_1.jpg	mi hanno dato una testata sul naso
1375844873820123148_2.jpg	el ni quanto idealizzata
1312684992309473281_1.jpg	e incredibile questo è il ju jitsu
1363066371375046656_1.jpg	quella è gente protetta
1303770151704080384_1.jpg	non si può perché sei così cattiva tu
1303317167543185408_2.jpg	corre disperatamente da una parte all altra
1297926641717587969_1.jpg	4 la politica crea molte ingiustizie lo so lo so
1308685976986963972_1.jpg	no oggi non posso permettermi altri guai che hai fatto d
1327925379361804288_1.jpg	vi vedo
1350841052668850179_1.jpg	si impegna molto merda
1302173708438638592_2.jpg	che adesso non mi ricordo ma non fa niente
1296015362312609793_1.jpg	la qualità non basta stiamo già nella merda
1359451114911973380_1.jpg	non leggo niente e sto benissimo
1349302916511838208_2.jpg	come l amore i soldi xx meer
1295815924193402881_2.jpg	
1302535534473076737_1.jpg	lascia stare che oggi è nervoso nervosissimo
1351199006937018372_1.jpg	lo intuisco da sguardini telefonatine da come mi parlano
1325150784422465536_1.jpg	grazie dio
1350040726537707520_1.jpg	non posso mollarlo dai mi piange il cuore
1318964171434872834_1.jpg	quando smetterai di essere rancorosa nei miei confronti
1320815482879004677_1.jpg	o o _ questo cichiede il paese oggi vuole sapere dove stiamo andando
1298967326109380608_1.jpg	siamo davvero su scherzi a parte
1300803393091522560_1.jpg	ma che ti frega della scuola
1334452183086084096_1.jpg	la gente non deve rompere il cazzo con mille domande
1302229997009002496_1.jpg	x ia co fiodi e questo perché affronta i grandi temi della vita con coraggio i noe
1356637691534860290_1.jpg	senti io non ho bisogno di questo avrei bisogno di un po di coccole
1298334332256428033_1.jpg	a tutto però i scambiandovi degli sguardi complici tt i x
1365971822060199936_1.jpg	
1326569415199035399_3.jpg	la nuora è una figura fondamentale la nuora
1372854377116012544_1.jpg	lo in questi anni ho imparato una cosa bisogna sapersi fermare
1346171755887554561_1.jpg	non sono più uno schiavo capisci
1315682822938558464_1.jpg	non si faranno più le cose a cazzo di cane
1317112925736271874_1.jpg	il problema è che fra di noi il rapporto non funziona
1306216266068365314_1.jpg	
1334160787389231105_2.jpg	me la ripetete verso le 19 10
1316687434911027201_1.jpg	a i ma adesso sento che una luce si è accesa dentro di me
1356303402477760512_1.jpg	sai qual è la cosa più importante in questo mestiere
1367864875859513345_1.jpg	a r e è si
1321410056043274240_1.jpg	non si faranno più le cose a cazzo di cane
1361686729153994752_1.jpg	
1341324016599134209_1.jpg	4 c è un problema con tatti barletta chi minchia è tatti barletta
1298606123759685632_2.jpg	la scriviamo gratis lo so
1380810847358959622_1.jpg	2 questo è un danno molto grave
1299274504250818561_3.jpg	e poi in questo periodo mi sento così
1333816489741340673_1.jpg	e lei aveva un alito molto peggiore del morto
1348934560843763712_1.jpg	
1330540838317854724_1.jpg	a morte il conte io
1328736966066761729_1.jpg	
1321177223706120193_1.jpg	ricordati il mediocre copia il genio ruba a
1345747862244745239_1.jpg	ho investito 30 000 euro in un peschereccio ma sono già pentito
1306941049005367298_1.jpg	non sono più uno schiavo capisci
1364281093503991811_1.jpg	no scusa lo non ce la faccio abbia pazienza
1323568508568064000_1.jpg	ti sei imborghesito daiffai qualcosa
1360892440102768642_1.jpg	
1296736599535951873_1.jpg	a per favore non chiamate amici parenti giornalisti e altre cazzate
1357364259391496197_1.jpg	sto seguendo un mio percorso ma lo faccio molto velocemente
1345784592012353537_1.jpg	
1315020893458841601_1.jpg	of ho destrutturato tutto ma sto peggio
1298696717701980160_1.jpg	pe y x lo sanno già tutti sciacalli j d sa in dl o a i g u
1359841984094105603_1.jpg	fà 4 vv
1346392595166093315_1.jpg	quando sono andato a chiamarla piangeva
1354737734116659201_1.jpg	
1301812995593564166_1.jpg	pe erre di 4 i e dai che cominciamo dai dai dai
1304478795664101376_1.jpg	lo mi sono rotto i coglioni di fare questo lavoro
1305129099996942337_1.jpg	n ba n forse il problema è qua
1324013727109255169_1.jpg	senti perché voti berlusconi
1302229997009002496_3.jpg	il dolore il tradimento i a meana
1338067265460326401_1.jpg	chi è che non ha mai rubato almeno una volta nella vita andiamo
1339516730507468800_2.jpg	niente tutto a posto dai che cella fai
1345674468086132736_1.jpg	un onda buona energia positiva una cosa stupenda
1337089685441622018_1.jpg	qui contano solo le amicizie è un mondo di merda
1323955211782791169_1.jpg	
1325375807112536065_1.jpg	capito ragazzi vi voglio a mille qui ci scappa il capolavoro
1301538060757356544_2.jpg	v infatti non sto fumando nessuno sta fumando
1299376203539853313_1.jpg	
1365303296307658753_1.jpg	
1299738587680763905_1.jpg	sono stufo di essere solo qui c è tanta gente
1352585009446662144_1.jpg	
1296884776591228928_2.jpg	è racconta una storia di estrema povertà in lucania
1380908932261150723_1.jpg	buonasera so lillo
1329330615745994753_1.jpg	
1320315909366480897_1.jpg	i c i è
1335893715089567745_1.jpg	signori allacciatevi le cinture che si ride forte
1372964999489060866_1.jpg	
1370314506509955073_1.jpg	utttta uu mg
1366336966804045825_1.jpg	sinceramente io speravo in qualcosa di qualità
1355086378862845952_1.jpg	quanto sei italiana pure tu mangia ste tagliatelle dai
1345785781416308737_1.jpg	
1308413415313076230_1.jpg	ne dani ene i a bho 4 i ergo x cosa ti importa del senso e
1381154862046531586_4.jpg	
1300835827392688128_1.jpg	da sola con questi 30 milioni
1299636915583492098_1.jpg	montecarlo tu sei il mio migliore amico
1373691258288365572_1.jpg	seppia ora sono cazzi tuoi puoi andare
1376455649362636801_1.jpg	lo ho già finito i soldi di tutta la settimana
1372946737581723651_1.jpg	il progetto è fattibile
1310655520148082688_2.jpg	mi servono soldi
1357268447571439618_1.jpg	ma perché non ci abbiamo pensato prima
1337349418379571201_1.jpg	
1355455233976111104_1.jpg	alberto ti sei appena laureato perché non sorridi problemi di tartaro
1322571804775452677_1.jpg	e un thriller rinascimentale con un frate misterioso
1347499233994301449_1.jpg	per prepararsi psicologicamente a ha bisogno di tempo
1356182843026771969_1.jpg	si certo che sono italiano
1310147070402146304_1.jpg	bellissimo servizio di posate
1345022193898565632_1.jpg	è un mondo difficile ragazzo mio che ce voj fà
1308843581713465344_1.jpg	se continuo con questa schifezza mi ammalo
1331157771992129536_1.jpg	as questa è la fia de maziaga e questo li è ur paese dove ihomi contano i f 205 gate mazingap ì de mazinga è um erde positivo bh eroe
1326959345628831747_1.jpg	questo non può fare un altro mestiere
1300729374476578816_1.jpg	sì però tu mi dirai vabbè lo sanno fare tutti
1343230337065824258_1.jpg	domenica faccio un calendario tra le dune di capocotta tutta insabbiata bello si
1297518955930640384_1.jpg	tu non sei cambiato ti sei trasformato
1362339808241209344_1.jpg	
1311656057941438465_1.jpg	rené dov è duccio in roulotte sta piangendo
1363917423481659393_1.jpg	4 che schifezza
1312739248458563584_1.jpg	
1346117679376183296_1.jpg	no scusate lo adesso dovrei ritrovare l emozione
1305899177319133186_1.jpg	4
1301090070833901569_2.jpg	pe sul comportamento umano
1321754384762626048_1.jpg	non sto calmo sono appassionato
1300055671488917505_1.jpg	of ho destrutturato tutto ma sto peggio
1366872531630755848_1.jpg	cr sy 2 è fo
1299013817083392000_1.jpg	i questa so tre mesi che sta seduta
1314933954961649664_1.jpg	ho collaborato come potevo ho dato una mano
1305438625409249280_1.jpg	la rete aspetta un segnale da te da una settimana non è difficile
1307394026107269120_1.jpg	il tuo problema è che finora nessuno ti ha mai picchiato
1314985032684048384_1.jpg	urlando ma che grazie stiamo nella merda
1312784545498968071_1.jpg	_ ma erano dieci malloppi da 100 minuti da leggere in tre giorni
1314934022942973953_1.jpg	sì ma non è una grande crisi è solo una piccola crisi
1299274504250818561_4.jpg	riflessiva
1323195068107337728_1.jpg	4
1350012928720826368_1.jpg	voglio dirti una cosa tu sei troppo ansioso
1368221248287764483_1.jpg	no no perché poi me vie l ansia la paura i
1343209900239941635_2.jpg	è s os é è io pad er abbiamo solo iu scontro sui metodi di costruzione delie madonne
1308146479433949185_1.jpg	non deve far ridere perché non c è un cazzo da ridere fe
1311289699722559489_2.jpg	si ma quando cominciamo tra due anni
1307251520136765440_1.jpg	
1296839477558685701_1.jpg	
1329000852581982208_2.jpg	tra un po scopriremo che sono tutti nell aldilà
1345371106245562369_1.jpg	
1342586720722812928_2.jpg	
1323701322785411073_1.jpg	a non sopporto più la stampa italiana praticamente non ci parlo più
1349302916511838208_3.jpg	il dolore il tradimento i a meana
1327230197284937729_2.jpg	ì ma non solo io siamo una squadra
1344678794888695810_1.jpg	
1367628091435200513_1.jpg	misi we eg 1 6 ro un giorno qualcuno dovrà spiegarci i ss uan in 4 come è finito lì ùn di l si i
1306261566266814465_1.jpg	brutta brutta situazione co rr aaa
1343653019704061953_1.jpg	tu lo sai che sono stato adottato vero sì
1308118804975808512_1.jpg	non sei andato in ospedale sei scemo
1361247543871631360_1.jpg	e la mia squadra anche se fa schifo
1304132536356962306_1.jpg	attenzione ho una pistola nello zaino
1365232394165514243_1.jpg	ti spacco la testa ma devi darmi un motivo
1320011443383771137_1.jpg	guarda che delinquenti
1350461621076979718_1.jpg	cadattn o
1315398486481870848_1.jpg	
1360618103571435526_1.jpg	tu devi solo ringraziarmi
1347485448403353600_2.jpg	ma dobbiamo prendere una bella vacanza rilassarci un po
1367584794628878342_1.jpg	a 8
1381632523294412813_1.jpg	
1304449627760947200_1.jpg	
1347636154733125634_1.jpg	first reaction basito
1273937319582711811_3.jpg	ua
1332399213360123908_1.jpg	voce indemoniata
1300003103589257216_1.jpg	senti lo so che cos è soltanto che a me adesso non mi va di ridere
1297100804642545664_2.jpg	
1322958029772513282_1.jpg	vogliamo davvero spendere tutti quei soldi
1367538183362215939_1.jpg	ora andiamo da amadeus no per oggi basta
1347131922485538816_1.jpg	ho lavorato come un bue 100906 gx
1305491488407613440_1.jpg	musica popolare
1329812164673220610_1.jpg	ormai favino fa tutti i ruoli
1309784259876528133_1.jpg	n tu pensi che io sia matto no
1338792881251823617_1.jpg	il materiale che abbiamo consegnato fa schifo ai cani e cacca
1296160005457149955_1.jpg	tu parli ma non fai niente di serio a 4 lo sono un uomo concreto bambina
1352935122656497666_1.jpg	va mi ribolle la rabbia nel cuore x dottore mi aiuti
1297971941861597185_1.jpg	e vecchio decrepito i piccioni ci defecano sopra
1330506851268653057_1.jpg	olé
1279705659127345152_1.jpg	l italia del futuro è così un paese allegro mentre fuori c è la morte
1273937319582711811_1.jpg	vi vedo
1323701305983012864_1.jpg	anche se la tentazione di non fare davvero più un cazzo è forte
1339897501323833345_1.jpg	
1323274375248969729_1.jpg	non sono contento e sai che quando èé così intervengono i miei avvocati
1339160330761547778_1.jpg	anzi ne abbiamo riso molto ride di gusto
1353993163095105536_1.jpg	4 si lo questa l ho sentita tutta qui e qui dentro
1325015009018204161_1.jpg	speranza
1314279399559176192_1.jpg	voglio dirti una cosa tu sei troppo ansioso
1299693283870830592_1.jpg	sì ho mandato 57 email alla magnesia e 44 alla rete e niente
1298550570979123201_1.jpg	andrò all inferno lo sai vero ma tu starai al mio fianco
1317398754702610434_1.jpg	oggi rischiamo tutto
1357737636111265792_2.jpg	
1309418520950837249_1.jpg	cane maledetto
1344223024107704320_1.jpg	pe erre di 4 i e dai che cominciamo dai dai dai
1325545228011528192_1.jpg	
1312366059102535681_1.jpg	non sono solo offeso ma preoccupato per la tua salute mentale
1361980486046916608_1.jpg	ma per chi lavori
1320668268223451138_1.jpg	va mi ribolle la rabbia nel cuore x dottore mi aiuti
1359066353399955457_1.jpg	3 il problema è qua non si risolve velocemente
1357737636111265792_1.jpg	
1324297216631152641_1.jpg	be nun annava bene
1355564867609047041_1.jpg	si burmini ateo burmini libero
1304041941806448645_1.jpg	
1311349873061572613_1.jpg	ie
1307303428515704833_1.jpg	sono appena evaso e voglio provare la mia innocenza
1362486802796457987_1.jpg	10 credo che mi ammazzerò
1350382833936846849_1.jpg	niente eh neanche una comparsata madonna che tristezza che mi metti
1367495550623440910_1.jpg	vieni a prendere due saraghi
1328039844715655171_1.jpg	che scena di merda
1361614146249363456_1.jpg	domenica faccio la prima comunione n ti voglio in prima fila
1309840148939636736_1.jpg	bravo mi hai fatto piangere
1360932372489854978_1.jpg	gliocchidelconie mn 6
1301233435944443904_1.jpg	e stata la preparazione a una vittoria
1346870259140202497_1.jpg	spero a questo accrocco a e a i so non viene meglio di così a 3 4 ne pe dae
1309161495977177090_1.jpg	lo sento la verità di questi luoghi r n
1307031643048366081_1.jpg	tu sei una minchia
1298917585426280449_1.jpg	speranza
1345674468086132736_2.jpg	dev essere appena arrivato un bonifico bancario sul mio conto
1376198161463717897_1.jpg	pa
1325843357701206017_1.jpg	non mi posso più permettere di fare il volontario
1313045010074365952_1.jpg	giorgio lei pensa che io sia ancora la bestia che ero
1364882381900021764_2.jpg	mi servono soldi
1339516730507468800_1.jpg	dovete morire tutti cosa
1322571884828020736_1.jpg	lo l ho fatto scrivere sul contratto okay
1325046181785899010_1.jpg	insomma dalla giornata di ieri è emerso che tu non sai fare niente giusto
1351841210537803776_1.jpg	
1329877733564936195_1.jpg	mi scusi mi sono innervosito adesso preghiamo con gioia
1315305521067577347_1.jpg	tu pa al tm diaz ag 1 questo è gravissimo e 2 rina
1311232590846844929_1.jpg	ver forse sembra ridicolo ma non fare niente è stancante
1347624201985916929_2.jpg	
1340317073138978816_2.jpg	shakespeare sia un po troppo come dire un po troppo italiano
1376549711486783490_1.jpg	alle 18 00 passano le ricciole abbiamo un ora da questo momento
1362695539607887874_1.jpg	tonino sei pazzo
1363899003075760134_1.jpg	rené questi sono di disney ragazzi restiamo uniti
1322492808096288768_1.jpg	signora non mi manda nessuno stia tranquilla
1300871048871710720_1.jpg	e poi tu ti stai pigliando troppe libertà inutili e fastidiose
1310976666244722689_1.jpg	è ssr ep vado bene mt ho fatto errori di italiano re
1348210735231496192_1.jpg	4 e difficile ma è la vita a i
1375515317179359233_1.jpg	gli sceneggiatori stanno usando uno scrupolo storiografico maniacale sa
1340603021823242247_1.jpg	mi hai chiamato lui è tino tini
1367597851228921860_1.jpg	continua tu ho bisogno di una sambuca
1310606325014036485_1.jpg	rené questi sono milanesi ragazzi restiamo uniti cologno monzese mi centro di produzione tv
1353658688830058498_1.jpg	adesso sono cazzi
1329000852581982208_1.jpg	troppo frizzante parla della morte
1305219701593632768_1.jpg	il conte questo non è reale sono un uomo di scienza
1322186976188076033_1.jpg	i romania offshore derivati x case cu cc
1371180859223650315_1.jpg	
1310669695117414413_1.jpg	
1332399213360123908_2.jpg	voce indemoniata si
1309930739224506369_1.jpg	
1343653019704061953_2.jpg	lo sai che non è vero si si sì che lo so
1311957035924291584_1.jpg	merda merda merda ha detto che non era un sogno
1317760851252809730_1.jpg	va in moto e farnetica di federali alle calcagna
1321177161286471683_2.jpg	
1375140650014945281_1.jpg	rené oggi hai girato 12 secondi hai una media da kubrick
1356337605089046531_1.jpg	o sono morta o sono svenuta lo decido quest estate
1302682983443374083_1.jpg	
1313192230010707968_1.jpg	che giornata di merda mn
1357742481509597185_1.jpg	ni t i ni t n i i mm fa 4 sento una grande sofferenza p di
1380443640661688320_1.jpg	stanis come stai e cominciata questa nuova avventura eh
1302947488375152640_1.jpg	
1374696250742870018_1.jpg	stanis sei un grande
1364625482856206339_1.jpg	continua tu ho bisogno di una sambuca
1299013817083392000_2.jpg	ipffferatta ni imita e non si rende conto
1377183887416172548_3.jpg	poi è meridionale magro magro ha gli occhiali
1375844873820123148_1.jpg	come posso spiegartelo ha un immagine idealizzata del padre
1319952426233958401_1.jpg	ho e un lavoro pieno di compromessi
1373580680827961348_1.jpg	inefficienza degrado sporcizia
1362081382135193606_2.jpg	moltissimo
1327946168756744194_1.jpg	e io mi domando siete in grado di cambiare mentalità
1381632523294412813_2.jpg	
1342879050793103361_2.jpg	
1296477095963455488_1.jpg	non sono l unico nella merda ci siamo tutti e due coglione
1302229997009002496_4.jpg	ho chi vort l eleganza i soldi ra mera
1314241238430818305_1.jpg	stiamo salvando il governo grazie renè
1379386980904095747_1.jpg	viva l italia
1348574269308084224_1.jpg	igî ve sl si cl vv fi nn iii ta 4 imita berlusconi a mister obama mister obama 17
1365705490748084233_1.jpg	ascolta io ti ferisco adesso
1347582642208862210_1.jpg	e un incubo
1347624201985916929_1.jpg	4
1309112561166671872_1.jpg	gum 00n8 rifletto e poi decido se denunciarvi
1301505223169638400_1.jpg	
1311742684004970496_1.jpg	forse non hai capito non ti lasciamo più
1372211160079081473_1.jpg	
1367783008929996806_1.jpg	e eric era perfetto gay isterico assassino perfetto
1327664919077146624_1.jpg	indagherò sulla tua cattiveria
1336344650882445312_1.jpg	fn i lo guarisco vero vie ta
1299783882661744640_1.jpg	a la tua vita la stai buttando lo sai quanti anni hai 40 2h
1377539667051024387_1.jpg	ora non posso sbagliare niente
1351274202662379543_1.jpg	2
1310607578611810305_1.jpg	c ho n idea ep si 4 a ì famo ariva l inverno cosi de botto n
1371180859223650315_2.jpg	
1347272218582114306_1.jpg	
1365305855630069764_1.jpg	
1322180441902899201_1.jpg	siamo davvero su scherzi a parte
1314933954961649664_2.jpg	
1323330161991962624_1.jpg	infatti sei stato scelto come regista perché non avresti mai capito
1369626158124384259_2.jpg	di fare questa cosa che sto per fare
1347485448403353600_1.jpg	non voglio essere insistente
1380193323160379395_1.jpg	dove cazzo è la segway
1310976622472892427_1.jpg	tu sei scettico ma quello che dico è provato scientificamente sa
1378371063520894977_1.jpg	b b bisognosi e balordi
1313401717946494976_1.jpg	arianna dov è oggi è una giornata corta ma infernale
1370683514530754561_1.jpg	e un sacrificio così grande
1323553284796403712_1.jpg	vir come stai caffè bene bene grazie a dio campicchio
1305801633641779201_1.jpg	forse stiamo facendo una stronzata
1364517988779646976_1.jpg	no il conte è una merda
1371042584890650626_1.jpg	lo starnuto in faccia è un omaggio
1297461735037771777_1.jpg	igî ve sl si cl vv fi nn iii ta 4 imita berlusconi a mister obama mister obama 17
1376895256545878019_1.jpg	vi vedo
1371180859223650315_3.jpg	
1366700371234729988_1.jpg	
1322846608057376775_1.jpg	ma se al posto suo arriva una che non beve forse è meglio
1313554620606607360_1.jpg	ti ho detto di non rompermi i coglioni appunto
1333419749137592328_1.jpg	
1371770680153407488_1.jpg	noi dobbiamo stare fermi
1352324754372440068_1.jpg	o o _ questo cichiede il paese oggi vuole sapere dove stiamo andando
1300463356197982209_1.jpg	èu è f
1369962719177236482_1.jpg	lo rido perle tue cose tu ridi per le mie
1329428166725824514_1.jpg	non ti vedo felice secondo me devi ripensare a quest ultimo anno fa
1352211485691441153_1.jpg	
1323274232776851459_1.jpg	ido a guardia a tit
1316298560187621376_1.jpg	
1378010988809752576_1.jpg	il pesce risolleva l umore è provato x
1381530823049031681_1.jpg	gli schiavi vanno bene ne hai due solo per te
1341493389196443651_2.jpg	0ggi la produzione offrirà a tutti il pranzo in trattoria da tonino
1301958210023120896_1.jpg	bisogna fare qualcosa raccogliamo delle firme contro questa regola
1354453749733986307_1.jpg	one more time
1326918614839144453_1.jpg	n ba n forse il problema è qua
1329482899045961729_1.jpg	ridacchia
1367162198192177152_1.jpg	sono io il re capito sergio fermate quest invasato
1358006348122894339_1.jpg	
1308028203676495873_1.jpg	
1357037993027137537_1.jpg	stiamo salvando il governo grazie renè
1309477760822247424_1.jpg	to pb si fe dr che tipo mi spiace che è deceduta poteva darmi tanti consigli e _ a _ 4
1372760490699497481_1.jpg	
1316405957178597379_1.jpg	cadattn o
1336274263385509888_1.jpg	oggi la banca mi ha ricordato di 250 000 euro che non sapevo di avere
1358078553301147652_1.jpg	i _ gt piegati alla sua volontà vieni dai cinesi
1371042584890650626_2.jpg	achi a bertolucci
1350130470512697344_1.jpg	ha questo è un periodaccio per me molto difficile
1300146267847372803_1.jpg	lo sono assolutamente contrario alle canne
1371161274474713091_1.jpg	
1357632125701394438_1.jpg	rai chiedi scusa poi ti prendo a calci
1306624025653850117_1.jpg	lo resto qui e vaffanculo
1332339524937150466_1.jpg	ni me no io non faccio uso della mia intelligenza gratis chiaro
1301200457474478082_1.jpg	no duccio no qui dobbiamo stare in forma
1322180418284752896_1.jpg	a la tua vita la stai buttando lo sai quanti anni hai 40 2h
1314188798809395202_1.jpg	sento che manca la matematica io
1308073512062431233_2.jpg	il telefonino e la carta sim si sono quasi squagliati
1304348543453466624_1.jpg	mi dovevi stare addosso lo volevo fare una brutta fotografia ma non così brutta
1304404335250481157_1.jpg	y na e nu po e si a se se vi x di cca pe la scena del capovillaggio che danza e sente cattivi presagi è finita sa i
1318178461077438464_1.jpg	partiamo da lì e in tre mesi avremo conquistato questa penisola
1301090070833901569_3.jpg	che national geographic
1314641788137730048_1.jpg	è 4 o ed lam i ho fatto tanti errori nella vita rh
1374313645891579909_1.jpg	la squadra non sente sintonia ia
1320760060042248192_1.jpg	comincio a ricordare prendo carta e penna dimension six
1341098119338061825_1.jpg	lo piango d istinto produco emozioni genuine
1340603021823242247_2.jpg	ciao tino è come galileo galilei
1322571595026698242_1.jpg	
1362081382135193606_1.jpg	quanto hai pensato nella roulotte
1369317024330100757_1.jpg	sn
1308341000230834176_1.jpg	giorgio lei pensa che io sia ancora la bestia che ero
1343861245108219911_1.jpg	vai ca la fede è come la champions league noi giochiamo il campionato
1345405915059662850_1.jpg	ho superato tradimenti incendi pirati
1371409837075140611_1.jpg	ormai ho preso una decisione irrevocabile
1310972604614729729_1.jpg	n ua a 3 e dn
1302229997009002496_2.jpg	come l amore i soldi xx meer
1319258896859598848_1.jpg	
1334180530229813253_1.jpg	ho degli strani presentimenti 7 vati
1364159981101195264_1.jpg	e il momento per lei di fare il salto di qualità
1306669254230642694_2.jpg	volevo brindare con voi
1368855929597362180_1.jpg	rene oggi è lunedì caro boris
1368951761654931459_1.jpg	la ritiro e denuncio anche i brogli
1367056795152375808_1.jpg	momenti di squallore che diventano lavoro
1305944476616200193_1.jpg	musica trionfale
1310202530064773120_1.jpg	4 che schifezza
1312105067827195904_1.jpg	
1311289699722559489_1.jpg	il progetto è fattibile
1342416894486315011_1.jpg	
1310564516267204615_1.jpg	d n nessuno è più basito chiaro nessuno è più basito nessuno è sorpreso
1313509326007365639_1.jpg	seli uno stronzo
1301538060757356544_1.jpg	andiamo in onda in fascia protetta fd è di
1345340271224086528_1.jpg	no ma sei molto caro come se avessi accettato
1310655520148082688_1.jpg	merda
1340954168438210563_2.jpg	_ ma nonmi impedirete di continuare a sognare no
1339585974666293253_1.jpg	non posso doc ti ho già spiegato che ho molti problemi di soldi
1326569415199035399_1.jpg	c è la madre c è il padre c é il nonno sdentato
1327230197284937729_1.jpg	rené sei un pezzo di merda nap o
1301550521761882112_1.jpg	urlando per rilassarmi
1318565140833456132_1.jpg	sono io il re capito sergio fermate quest invasato
1318229208850718721_1.jpg	o i 4 la gang degli esuli cubani e 5
1304804108977795072_1.jpg	fa piangere fa ridere fa tutto suscita forti emozioni
1370323849573711878_1.jpg	a vai tutto aperto
1325742976790917121_1.jpg	adesso sono cazzi
1366824705366319110_1.jpg	a
1375844873820123148_3.jpg	
1351929135145373700_1.jpg	ra
1364901780652498946_1.jpg	non voglio piangere
1364882381900021764_1.jpg	merda
1310515439978647554_1.jpg	4 è penne n cu i î prima di piangere devi guardare sn un punto fisso all orizzonte wi
1299059109514280962_1.jpg	le vertenze sindacali le litigate con la cgil
1361752206634967040_1.jpg	lo ho un cilicio qua ma da quanto lavori rd vd
1369626158124384259_1.jpg	ora devo capire se sono degno
1374765965288816646_2.jpg	tanta spazzatura non puoi nemmeno immaginarlo d
1321518458639667201_1.jpg	fa ai 28 ee 10 massino d ale ul
1304857314566914048_1.jpg	sei bravo sei naturale l importante è che tu dica sempre ti prego
1313146935214174210_1.jpg	
1361038087787335691_1.jpg	da adesso in poi non farò più nulla f i che non sia in linea con la mia fede
1322957939716595714_1.jpg	sono qui non pagato per salvare la scena
1336634707287678977_1.jpg	se sto un minuto di più qui mi sparo
1297156569361051648_1.jpg	
1309568354714230785_1.jpg	
1314522349274882054_1.jpg	si certo che sono italiano
1342115083678330881_1.jpg	f 8 è x a ri ho imparato a non dire mai le parole
1312014476930031616_1.jpg	4 cerchiamo di essere seri siamo dei professionisti
1331929754627346439_1.jpg	e una schifezza dx
1317516259093827584_1.jpg	ho detto che non devi nemmeno nominarla chiaro che cazzo
1371867632429891586_1.jpg	
1350746333007773699_1.jpg	parto per santo domingo cosa
1348294925822152704_2.jpg	il regalo più scontato che c è tipico da cafone
1304087242449858563_1.jpg	prendine tre diversi uno biondo uno mulatto e un napoletano
1330841185938776067_1.jpg	tu l hai sopportata due anni il giorno dopo io volevo ucciderla
1372833047784079362_1.jpg	
1326465619768848386_1.jpg	non parliamone più non sono neanche sicuro sia mia figlia
1357013746535784450_1.jpg	sa w de che squadra sei
1303985313908363266_1.jpg	ho e un lavoro pieno di compromessi
1371180859223650315_4.jpg	
1363885990767693830_1.jpg	xr 27 di solito non mi pronuncio ì ma per te voglio fare un eccezione i 4
1307756204752601088_1.jpg	la per mi offendi come uomo e come artista questa scena non è facile è cubiù i
1324003493745725444_3.jpg	
1334160787389231105_1.jpg	i signori io questa notizia non l ho mai ricevuta d accordo
1343138516306436098_1.jpg	questi milionari hanno il jet privato e arrivano con la uno fracica
1372622609028935684_1.jpg	
1297881345423626240_1.jpg	be che mi hai combinato che ti devo cacciare
1295815924193402881_1.jpg	aree a 4 pi
1352273709973856257_1.jpg	
1343940345831321601_1.jpg	rené questi sono milanesi ragazzi restiamo uniti cologno monzese mi centro di produzione tv
1323958330574987264_1.jpg	
1375472541838508032_1.jpg	
1355199024672997386_1.jpg	guardi per carità ferretti mi faccia morire
1306986337816387586_1.jpg	ma è una storia di un anno e mezzo fa appunto è un anno e mezzo che aspettamo
1376895256545878019_3.jpg	ua
1301460031909625861_1.jpg	anche tu pensi che quello che stiamo facendo è una merda
1377282034574393345_1.jpg	3 ti capisco è il metodo strasberg giusto
1299330896512909312_1.jpg	sono fiera di te dopo anni di lotte ti lasciano fare ciò che vuoi
1316781900644614145_1.jpg	il a una semplice piccola monetina con dentro il mio destino
1377183887416172548_4.jpg	
1355916036349038595_1.jpg	bicchieri che tintinnano
1347624980503273472_1.jpg	first reaction shock
1341493389196443651_1.jpg	sergio dall altoparlante come simbolo di cambiamento
1375761936768450564_1.jpg	comunque sì è un momento importante e vorrei dedicarlo a chi ha speranza
1327266711247196161_1.jpg	una volta l ho sorpresa che guardava i pesci con lo sguardo da matta
1375384650982559745_1.jpg	buongiorno maestro buongiorno
1307711120233443329_1.jpg	ma ogni tanto mi viene un dolore allo stomaco
1297247164452810752_1.jpg	4 e difficile ma è la vita a i
1336705995200983041_1.jpg	ò
1349091876461273095_2.jpg	lampone fragola mirtillo mandarino lo devo scrivere a
1366079431224291329_1.jpg	qui si reinventa la realtà
1298187495230840833_1.jpg	all inizio sono tutte diverse
1324374422501937155_1.jpg	
1324003493745725444_4.jpg	
1342879050793103361_1.jpg	
1307348725623185409_1.jpg	farfuglia
1372946737581723651_2.jpg	si ma quando cominciamo tra due anni
1318490524819558400_1.jpg	vada dove vuole ma vada via lontano lontano da noi
1303317167543185408_1.jpg	è terrorizzata da tutto dalle luci dalle voci
1310247828615294976_1.jpg	
1296069411133100033_1.jpg	
1335607991211618306_1.jpg	itala mi metti in ansia basta con questo pathos
1328684474775769090_1.jpg	
1362443449253912579_1.jpg	da lo la grande rabbia
1301595821289340928_2.jpg	ma poi capisce di aver sbagliato
1372126632765485057_1.jpg	grazie 1 30 euro
1302173708438638592_1.jpg	gli rivela una cosa importantissima e gravissima e sconvolgente
1379093148849340417_1.jpg	
1297100804642545664_1.jpg	ho collaborato come potevo ho dato una mano
1377640099463237637_1.jpg	n à i a i v sono emozionato è ancora meglio di quanto avessi immaginato
1365705490748084233_2.jpg	per non ferirti di più dopo
1331555877149696003_1.jpg	sì sembriamo tuareg nel deserto
1296522394190970884_1.jpg	cato _ s non hai capito lo non ti conosco
1313146935214174210_2.jpg	
1300418064425549826_1.jpg	anche dagli uomini disperati si può imparare molto
1368616509724127239_1.jpg	
1319221889416429569_1.jpg	non mi fai paura ti
1349091876461273095_1.jpg	che fai non scrivi cosa
1299274504250818561_1.jpg	ho avuto la nausea l altro giorno sono svenuta
1377183887416172548_1.jpg	lim aveva tutte le caratteristiche giuste per fare lo schiavo
1296377985797435393_1.jpg	non voglio essere insistente
1305582090277105664_1.jpg	2 se non lo sai fare puoi tornare al cto di lampedusa
1306669254230642694_1.jpg	i dati auditel di dimension six e stato un flop
1361333339379146755_1.jpg	
1349662709219020805_1.jpg	ma non è possibile che siamo sempre tutti basiti tutti
1363175670050881538_1.jpg	e hai finito la predica
1319584418890039298_1.jpg	non hai capito decide tutto lui
1306578296973463552_1.jpg	da adesso in poi non farò più nulla f i che non sia in linea con la mia fede
1338893499974955016_1.jpg	ho dato le perle ai porci guarda lì
1345663844337778688_2.jpg	shakespeare sia un po troppo come dire un po troppo italiano
1365608648702111746_1.jpg	
1301090070833901569_1.jpg	niente è no studio che sto a fà io
1313814610756108295_1.jpg	andrò all inferno lo sai vero ma tu starai al mio fianco
1376930869701660672_1.jpg	sto male porca puttana non so che ho
1307609507435085824_1.jpg	m v d a sen à lo ti parlo di futuro non di salsicce
1323201253862723584_1.jpg	lu dai campione facciamo 3a quest ultima settimana con dignità iii
1309523056176422912_1.jpg	7 ù pen non c è soluzione porca miseria a or sn tea i 4 pe sirena sè
1302275302614282240_2.jpg	4
1331656011405537280_1.jpg	e vecchio decrepito i piccioni ci defecano sopra
1359171538029850624_1.jpg	se stesse a broadway sarebbe ricco invece va nei bar a prendere appunti
1298606123759685632_1.jpg	questa scena ha un problema quale
1370049296062644231_1.jpg	chiamo l ambulanza sta zitto e vai a lavorare
1341102794544214017_1.jpg	e un contributo fondamentale
1300100968521105409_1.jpg	pupi avati l ha definito l attuale maschera tragica più interessante
1380078665963298816_1.jpg	merda conosco un altro di nome merda
1337166530585522177_1.jpg	percy
1373940780847489024_1.jpg	portate via questo stronzo non voglio più vederlo
1379470564272771076_1.jpg	non possiamo piacere ai ricchi liguri lavorando con questo pezzente lucano
1348294925822152704_3.jpg	4 una smart
1314597473755820034_1.jpg	
1324003493745725444_2.jpg	
1340238161784561664_1.jpg	non si buttano 500 euro di roba
1350166792732336128_1.jpg	che straordinario odore di democrazia mi sento a casa e vi invidio signori sì voi artigiani che lavorate con mano e con occhio con sapienza ae xi y ed e per rispetto profondo della concretezza che trasuda da queste pareti che io mi sento di esprimere un mio umile pensiero andatevene affanculo tutti appena posso la mollo questa repubblica
1308073512062431233_1.jpg	sono stato ore al telefono per prenotare questa intervista
1325488602877489157_2.jpg	davvero
1346489573103312903_1.jpg	lo scrivo sia palleggio che arancia poi capiremo
1378090763452608520_1.jpg	
1326121032277757952_1.jpg	gut sei andata a new york e non mi hai invitato
1297564256301326338_1.jpg	de sono un problema per tutto il quartiere che bastardi
1378732515498856452_1.jpg	sono troppo nervoso in questo periodo
1328293481614290950_1.jpg	sì è tutto uno schifo figurati
1333506879377600519_1.jpg	sei una merda il tuo ristorante fa schifo
1354390787983896578_1.jpg	che giornata di merda mn
1296431797622857728_1.jpg	sì stanis però almeno oggi non devi cacarmi il cazzo
1354117195417202690_1.jpg	ho bisogno di una mezzoretta per digerire questa cosa perché
1324329342361653248_1.jpg	voglio dargli una possibilità ma non gratis
1363429847935123461_1.jpg	sei una donnaccia da quattro soldi
1376809074046734338_1.jpg	buona
1339160330761547778_2.jpg	ietid
1326117020157554691_1.jpg	lo francamente ho una certa età
1301505223169638400_2.jpg	
1303724850658254848_1.jpg	sono più è sbarre che abbiamo dentro di di noi che ci dividono a
1359960796000878595_1.jpg	
1360166423256051712_1.jpg	lavora solo con i malati di mente da
1381286686848614411_1.jpg	
1312829842782646274_1.jpg	10 credo che mi ammazzerò
1323628637397147649_1.jpg	vai questa è tutta siae
1355821267019046915_1.jpg	pronto peppino ma qui arrivano notizie ma è vero
1324653893150756864_1.jpg	posso avere un altro caffè e già il terzo ti fa male
1311598683805421569_1.jpg	e una merda si è una merda
1348657257022709767_1.jpg	2 3 ahò luciano come stai bene sono alessandro
1326569415199035399_2.jpg	c è il bambino sul seggiolone c è la nuora
1306174283270500352_1.jpg	se fossi eterosessuale sarebbe meglio però fai ridere tanto
1339160330761547778_3.jpg	e una storia terribile
1364212574238236681_2.jpg	ora che sanno che questo è il trend tutti che vendono il c o a un brand ut siit d e t tere conta se fanno il cash pompano il trash in nome del lol e poi vi stupite degli exit poll v tae s0 cr terra 041 r gle rr sembrare credibile cosa ci vuole a decidere tutta sta roba c ha rotto i cog oni questi piazzisti impostori e cialtroni a me fanno schifo sti ca i i milioni le brutte intenzioni che succede mi sono sbagliato non ho capito in che modo twerkare vuol dire lottare contro il patriarcato siamo giovani affamati siamo schiavi dell hype non si vendono più i dischi tanto c è spotify riapriamo gli stadi ma non teatri né live magari faccio 2 palleggi mai dire mai siamo giovani affermati siamo schiavi dell hype non ti servono i programmi se il consenso ce l hai riapriamo gli stadi ma non teatri né live magari faccio 2 palleggi mai dire mai
1296377985797435393_2.jpg	ma dobbiamo prendere una bella vacanza rilassarci un po
1366407933425287172_1.jpg	4 ca ti e i e e ti richiamo non mi ricordo come si dice in inglese
1305853880916418560_1.jpg	non ti vedo felice secondo me devi ripensare a quest ultimo anno fa
1344312298995916800_1.jpg	biascica quei soldi non li vedrete mai
1296114709599461376_1.jpg	da ammalati e morti a costo di farla franca solo cose d autore
1342586720722812928_1.jpg	lo vi chiedo di mettere il cuore ne gli occhi del cuore 2
1306578651799072769_1.jpg	sn
1306306864422895616_1.jpg	be nun annava bene
1367014864401563656_1.jpg	me
1341791501131591683_1.jpg	mario è testimone chi cazzo è mario
1310873960658202626_1.jpg	e la mentalità che conta l f 1 al
1372491309311737856_1.jpg	iniziamo a fare sul serio
1356303402477760512_2.jpg	far passare il tempo ricordalo sempre e a
1339948546200662018_1.jpg	è vero il ragazzo delle pulizie ha ragione
1356195270191673344_1.jpg	
1325488602877489157_1.jpg	
1379364616715837443_1.jpg	7 ù pen non c è soluzione porca miseria a or sn tea i 4 pe sirena sè
1301867610863099904_1.jpg	eni i a voi tutti e stesso perché oggi io qui davan incontro la parte oscura di la n m 3i
1368597277758066690_1.jpg	bellissimo servizio di posate
1362344681514885121_1.jpg	tu sei una minchia
1324055301809754113_1.jpg	daje val
1312366027083337728_1.jpg	d altra parte chi di noi non ha mai pensato ora mi ammazzo è fa
1363532796594171911_1.jpg	rené dov è duccio in roulotte sta piangendo
1334563521296732161_1.jpg	olé
1333350176770183168_1.jpg	fio an non preoccuparti mi piaci anche se sei una zecca
1356228850351542273_1.jpg	io vi chiedo dii mettere il cuore in boris 4
1349302916511838208_4.jpg	ho chi vort l eleganza i soldi ra mera
1297201871354867712_2.jpg	ho deciso di interiorizzare la droga e ci sono riuscito no
1308862134672068608_1.jpg	no perché hai rovinato tutto perché devo picchiarti
1364212574238236681_3.jpg	mai dire mai non so se mi piego non so se mi spezzo mai dire mai non so se mi spiego dipende dal prezzo mai dire mai lo chiami futuro ma è solo progresso wet nervi a a ie vera leda ie rene mezzo erge least nato lar lele a bottergte ten tod cre latte ito mai dire mai ho visto di meglio ho fatto di peggio wet en tre e fee palleggio sie liege ne aa evasi me non si vendono più î dischi tanto c è spotify ieiete gislpglero rsicle met r e magari faccio 2 palleggi mai dire mai siamo giovani affermati siamo schiavi dell hype non ti servono i programmi se il conseriso ce l hai ritets g lagler 1 e 1c19 mont weleda mv magari faccio 2 palleggi mai dire mai mai dire mai mai dire mai mai dire mai dire mai dire mai dire mai mai dire mai mai dire mai mai dire mai dire mai dire mai dire mai
1348294925822152704_4.jpg	piange
1303677729427070977_1.jpg	intervieni su questa benedetta riunione
1325890284278910976_1.jpg	
1362802182941270020_1.jpg	
1343209900239941635_1.jpg	è sir abbiamo un rapporto stupendo a
1296884776591228928_1.jpg	a facciamo qualcosa si annoia che devo fare a
1314641788137730048_2.jpg	z ma li ho espiati lavorando con corinna
1301180477093695488_1.jpg	se vi picchiate allora è un set allegro
1358744395110109187_1.jpg	toscani fe pastolont eli
1344678794888695810_2.jpg	
1381154862046531586_1.jpg	nonno joe sale sulla sua kawasaki ninja
1299274504250818561_2.jpg	in palestra ho sbattuto la testa
1321051362365493250_1.jpg	è epico è quasi medievale cioè
1302637685211688961_1.jpg	la produzione ha fatto un investimento sbagliato
1343498065211224064_1.jpg	se fossi eterosessuale sarebbe meglio però fai ridere tanto
1376582849197965315_1.jpg	ee
1324103772314980353_1.jpg	
1332720858608111619_1.jpg	cage
1360266604995567617_1.jpg	lo avevi quasi capito ragionando ma poi c è stata una contrattura
1369600142198910985_1.jpg	neanche te lo dico 7 sà e siamo in un ritardo mostruoso
1380087302458867712_1.jpg	ficep calm sapri vutto
1340603021823242247_3.jpg	un uomo dal nome singolare e dal cognome plurale
1380037878575628293_1.jpg	8 aprile 1990 va in onda il primo episodio di twin peaks tg24
1337385258682114051_1.jpg	e incredibile questo è il ju jitsu
1307973610649329665_1.jpg	perché oggi veramente spacco tutto
1324677073865158656_1.jpg	24 veri wi ur pe giri quelle cose sociali comuniste che ti piacciono
1308797501525368840_1.jpg	iscriviti a una palestra vai a fare pesi
1321829141877018627_1.jpg	salve sono romano prodi
1373329676752535554_1.jpg	chiedo a tutti voi di crederci anche agli schiavi
1299738587680763905_2.jpg	ma mi sento l unico che fa le cose seriamente
1310564489041936385_1.jpg	
1313101635988656129_1.jpg	lo rido perle tue cose tu ridi per le mie
1353010881920167937_1.jpg	è stato l orafo
1334867052939653121_1.jpg	
1311697390303408129_1.jpg	
1302275302614282240_1.jpg	
1304710793137729539_1.jpg	ricordi quando iniziavi a piangere senza un motivo
1297201871354867712_1.jpg	questa volta invece di drogarmi
1366775265372889089_1.jpg	_ _ ai notato che gli fanno fare le parti più di merda che ci sono in giro
1337452514329976838_1.jpg	pg version psa version
1323701221715304448_1.jpg	lo mi sono rotto i coglioni di fare questo lavoro
1315949935586615296_1.jpg	e stato bello ma io non voglio illuderla non voglio farle male
1344577397404921856_1.jpg	certo è faticoso tutto questo eh non me ne parli maestro
1323238903814541312_1.jpg	no no perché poi me vie l ansia la paura i
1311714795050209280_1.jpg	lo ti rovinerò anche se sei mio fratello
1358446207148908550_1.jpg	il do una bottigliata in testa cazzo br iiien
1324055301809754113_3.jpg	pa sli
1375100635851415553_1.jpg	guardi per carità ferretti mi faccia morire
1380540300347768832_1.jpg	sei magro sei sempre pallido una bistecca ti fa bene
1297797303101722624_2.jpg	
1321479346314453000_1.jpg	sio salve sono massimo d alema
1371523920252243969_1.jpg	geniale mia nonna lo diceva sempre n i a i
1349380940058013697_1.jpg	mi sono innervosito signora mi lasci perdere
1313896836390965251_1.jpg	sinceramente io speravo in qualcosa di qualità
1309205965435142146_1.jpg	lavora solo con i malati di mente da
1349826699383484418_1.jpg	feta ri e pi meio e math wuo di ret ep et ta ir a dep oche pieno db vette li ce dee aa
1347840419367952385_1.jpg	perché se tu metti in giro questa roba ti vengo a cercare
1370819534681223169_1.jpg	ma per carità è imbarazzante
1311349942758387721_2.jpg	e tremendo
1303259623894454272_1.jpg	se sbaglio stavolta giuro sulla testa di lopez che cambio mestiere
1310293128071598080_1.jpg	si era completamente isolato dal mondo
1378991814687002627_1.jpg	lo vedo da come la guardi lo sono una gatta le sento le cose
1311349942758387721_1.jpg	e spaventoso dobbiamo cominciare a lavorare subito
1311017908688969729_1.jpg	non bisogna mai temere le novità
1313464022868652033_1.jpg	e la mia ultima possibilità di fare qualcosa di bello ls
1318126995004379137_1.jpg	
1305072932490797056_1.jpg	partiamo da lì e in tre mesi avremo conquistato questa penisola
1314933986939068424_1.jpg	sì stanis però almeno oggi non devi cacarmi il cazzo
1308752981190299650_1.jpg	un giorno qualcuno dovrà spiegarci ds come è finito lì sal ci e a deo
1340317073138978816_1.jpg	però ti posso dire una cosa tra noi ho la sensazione che ultimamente
1298243734853705729_1.jpg	stasera volete linguine con gamberi e zucchine o ragù di spigola
1298651419822526464_1.jpg	a stabiliamo che io dirò la parola bagascia cinque volte a puntata
1335250723735556100_1.jpg	non è tutta una stronzata
1345663844337778688_1.jpg	però fi posso dire una cosa tra noi ho la sensazione che ultimamente
1313808865218244608_1.jpg	a stabiliamo che io dirò la parola bagascia cinque volte a puntata
1363136755696861188_1.jpg	bravo mi hai fatto piangere
1322251929313927168_1.jpg	merita la sedia elettrica
1369722367770058755_1.jpg	sento che manca la matematica io
1380933331957772298_1.jpg	lei è un cialtrone
1324756636142047233_1.jpg	
1376895256545878019_2.jpg	vi vedo verdi x
1350112763239165955_1.jpg	ho detto che non devi nemmeno nominarla chiaro che cazzo
1296794179004059648_1.jpg	si si sono rovinati da soli
1298289031562899457_1.jpg	noi non ci siamo visti non ci conosciamo non abbiamo nessuna responsabilità
1320760525794512896_1.jpg	
1346030642811777025_1.jpg	neanche te lo dico 7 sà e siamo in un ritardo mostruoso
1325545228011528192_2.jpg	pp sete
1309061096536498177_1.jpg	rd
1336336011278786560_1.jpg	certo la scelta è fra te e uno zingaro che ho visto per strada
1381154862046531586_2.jpg	vestito con i jeans 501
1305174404557672454_1.jpg	
1358356051842719745_1.jpg	pa z se sa restiamo uniti uniti
1347624111053406215_1.jpg	
1381154862046531586_3.jpg	e le scarpe converse all star rosa
1366682934959308805_1.jpg	é settimana di sanremo sienoti __ i
1315224041439916032_1.jpg	ti chiedo di fare una cosa semplice e tu non vuoi farla
1330481264772718592_1.jpg	chiamo il mio agente
1360532506395746304_1.jpg	cito hai capito
1353381358442147841_1.jpg	tira su con il naso
1346762233515225090_1.jpg	che palle questa
1359549048806658056_1.jpg	fan a rada se vai all estero rimani una rogna per il futuro se muori è meglio
1297826436020146176_1.jpg	pa z se sa restiamo uniti uniti
1321397963659317248_1.jpg	
1342115083678330881_2.jpg	di i a è ma wa sè per sempre
1324055301809754113_2.jpg	ansima
1364498646750887940_1.jpg	
1364212574238236681_1.jpg	questa è l italia del futuro un paese di alte ica sti rito ideal ai al ora che sanno che questo è il trend tutti sti le to tc pied its lglg er r i el anche quando parlano l autotune tutti in costume come gli x men gridi allo scandalo sembrano marilyn manson nel 2020 te vr et glia tizi pito le eten tere e sto al passo coi tempi c è il coatto che parla alla pancia ma l intellettuale è più snob in base al tuo pubblico scegliti un bel personaggio l italia è una grande sit com vr gfe oe 1sr ie 11 rers re ea ee lele r 2i 1017 avanguardia e la chiamano ît pop rss pate lio gii 1011 1oro 11 roe p 11 10 08 12 42 6 00 balletto e fai boom su tik tok siamo giovani affamati siamo schiavi dell hype non si vendono più i dischi tanto c è spotify e ietelgr lggene r xgt riano eer rie magari faccio 2 palleggi mai dire mai sele vent eta lt ev gin non fi servono i programmi se il consenso ce l hai riapriamo gli stadi ma non teatri né live magari faccio 2 palleggi mai dire mai mai dire mai mai dire mai mai dire mai dire mai dire mai dire mai
1307665815546802180_1.jpg	ce l ho ce l ho il moribondo sfigurato
1301595821289340928_1.jpg	saluti fascisti bandiere nere mein kampf sotto il banco
1372603935970705414_1.jpg	sono sano e salvo che culo
1322916648156844033_1.jpg	parto per santo domingo cosa
1340954168438210563_1.jpg	avete distrutto il mio sogno
1331284822350831617_1.jpg	
1297797303101722624_1.jpg	
1358795091771609093_1.jpg	ma tu chi sei presentati quando parli con qualcuno x
1345405915059662850_2.jpg	mari in tempesta solo per dirti che ti amo eleonora
1333719470892863489_1.jpg	buongiorno scusate ho solo un cappuccino e un cornetto
1302901925017464833_1.jpg	
1349302916511838208_1.jpg	x ia co fiodi e questo perché affronta i grandi temi della vita con coraggio i noe
1311349942758387721_3.jpg	
1356903733930655744_1.jpg	in africa nessuno ha i jeans chi te l ha detto
1353743083381399552_1.jpg	ma che smarmelli a biascica tu non smarmelli proprio un cazzo
1347624111053406215_2.jpg	
1352200101863813121_1.jpg	è una questione di principio
1330091983675813889_1.jpg	chiusa finito raus
1337341017490538502_1.jpg	io non parlo proprio con nessuno io mi faccio i cazzi miei
1303407759132635141_1.jpg	papà io sono un artista
1357013746535784450_2.jpg	musica di suspense
1342769533451382784_1.jpg	fai una cosa buttati di sotto
1351566090384535552_1.jpg	quanto dolore boris inferto subito
1329519726763134976_1.jpg	
1314135226432589824_1.jpg	di
1364498646750887940_2.jpg	20 n
1363564206533001218_1.jpg	ce grazie da tempo aspettavo questo momento
1355087785565237253_1.jpg	e x x sa à ia 4 n ta i trp ad ui è è du a i a è
1379821322663030793_1.jpg	ho investito 30 000 euro in un peschereccio ma sono già pentito
1353290126802231296_1.jpg	ver forse sembra ridicolo ma non fare niente è stancante
1319707889343356929_1.jpg	dai facciamola finita con questa storia che io ti conosco ormai a te
1310564505504624641_1.jpg	rené guarda che io tra poco avrò un problema serio di soldi
1341685220387540992_1.jpg	scrivilo è importante la musica italiana va rivalutata
1303027605055078400_1.jpg	urlando produzione mi disturbano mi molestano fi
1324410003625775104_1.jpg	questa è merda vecchia loro adesso vogliono merda nuova
1327925379361804288_3.jpg	vi vedo arancioni i
1379717905466671106_1.jpg	e ingrassato dieci chili dicono che è perfetto
1347207905330794499_2.jpg	non era giusta la fascia oraria non era giusto il periodo
1356550334890577922_1.jpg	isaiah pandoori si è macchiato del sangue di tanti innocenti
1366885829998747653_1.jpg	e la mia squadra anche se fa schifo
1351115793598197760_1.jpg	
1377183887416172548_2.jpg	quando lo picchiavo lui stava zitto rassegnato
1273937319582711811_2.jpg	vi vedo verdi x
1321410825568034818_1.jpg	forse è vero che non sappiamo fare niente ma non é il caso di mancare di rispetto
1299421491226869767_1.jpg	il tuo acume mi commuove veramente
1381241531986812928_1.jpg	
1297609554981793801_1.jpg	tu l hai sopportata due anni il giorno dopo io volevo ucciderla
1360977333767798784_1.jpg	e ilruolo per me e ci permetterà di cambiare le cose in questo paese
1315609817315258368_1.jpg	eat e mannaggia sta a fà perde tempo alla gente o è
1374049341543956485_1.jpg	vuole darlo gratis assolutamente no
1310927314281144320_2.jpg	oppure no dille che è morta mia madre
1303362462310256640_1.jpg	brrrr bouche de cul ridendo bouche de cul
1310927314281144320_3.jpg	che sono afflitto e sto proprio a pezzi capito
1345291256998596608_1.jpg	
1364995466031751169_1.jpg	
1302592389148602368_1.jpg	sì e avoja avoja quanta strada che devo fare sì
1377918698527264769_1.jpg	
1360706013842784264_1.jpg	non hai capito decide tutto lui
1363798947408576513_1.jpg	forse non hai capito non ti lasciamo più
1310669695117414413_2.jpg	
1309885441051627521_1.jpg	urlando sarà una provocazione ma io amo la fiction
1348294925822152704_1.jpg	che ti ha regalato tra l altro
1320436931830972418_1.jpg	stai calmo calmo un cazzo
1352637874471055361_2.jpg	me dot essere insultato e maltrattato eva tutto bene x
1310927314281144320_1.jpg	be fai una cosa dille che sono molto cambiato nel frattempo
1317042481536565248_1.jpg	la gente non deve rompere il cazzo con mille domande
1316411933688504322_2.jpg	e insieme possiamo fare un grande classico
1301912915688128513_1.jpg	
1321177161286471683_1.jpg	
1337706568758996992_1.jpg	drogato 1 drogato 2 e drogato 3 eccoli
1347131922485538816_2.jpg	facendo le cose più inutili del mondo ie
1317864069756583937_1.jpg	sono giunto qui a piedi dalla persia
1347926857107329024_1.jpg	mi si è pure rotto il piatto della doccia
1322957994058022912_1.jpg	x separa cità 5 i sat x con queste puttanate arrivi al cuore degli italiani
1322600960737370114_1.jpg	sono anni che giro scene di cui non so nulla
1373223073273540614_1.jpg	sei raccomandato sì
1374765965288816646_1.jpg	nella mia vita ho fatto tante cose brutte
1312365995382767616_1.jpg	_ pezzi di merda fatemi salire vi devo parlare
1303407759132635141_2.jpg	lo pure sono artista
1312059772728995842_1.jpg	dite è it aa partiva saro st fino pd 7 _ e e a un sognatore un visionario
1314933954961649664_3.jpg	
1367375398007431171_1.jpg	
